PubChem CID,IC50 (nM),pIC50,Ligand SMILES
51049987,0.00125,11.9031,COCCOC1CCCN(C1)S(=O)(=O)C[C@H]1CC[C@@H](CC1)N(C)c1ncnc2[nH]ccc12
51354535,0.00133,11.8761,CC(C)COC1CCCN(C1)S(=O)(=O)C[C@H]1CC[C@@H](CC1)N(C)c1ncnc2[nH]ccc12
51355094,0.00199,11.7011,C[C@H]1CN(C[C@@H]1CO)S(=O)(=O)C[C@H]1CC[C@@H](CC1)N(C)c1ncnc2[nH]ccc12
68315469,0.00508,11.2941,C[C@@H]1C[C@@H](CS(=O)(=O)N2CC[C@H](CO)C2)CC[C@@H]1N(C)c1ncnc2[nH]ccc12
51355095,0.00777,11.1096,CN([C@H]1CC[C@H](CS(=O)(=O)N2CCC(C)(O)C2)CC1)c1ncnc2[nH]ccc12
58293213,0.0227,10.644,CN([C@H]1CC[C@H](CS(=O)(=O)N2CCC[C@H](C2)OC(=O)C(C)(C)C)CC1)c1ncnc2[nH]ccc12
51354534,0.0235,10.6289,CCOP(=O)(OCC)O[C@@H]1CCCN(C1)S(=O)(=O)C[C@H]1CC[C@@H](CC1)N(C)c1ncnc2[nH]ccc12
58293104,0.0245,10.6108,CN([C@H]1CC[C@H](CS(=O)(=O)N2CCN(C)CC2)CC1)c1ncnc2[nH]ccc12
58293212,0.0263,10.58,CN([C@H]1CC[C@H](CS(=O)(=O)N2CCC[C@H](C2)OP(O)(O)=O)CC1)c1ncnc2[nH]ccc12
89470787,0.04,10.3979,C[C@@](O)(c1ccc(Nc2nn(cc2C(N)=O)[C@H]2CC[C@H](C[C@@H]2C#N)N2CCC2)cc1)C(F)(F)F
89473684,0.05,10.301,CC(C)(C)OC(=O)N1CC[C@@](CC#N)([C@H](F)C1)n1cc(C(N)=O)c(Nc2ccc(F)cc2)n1
89471495,0.06,10.2218,CC1(C)CN(C1)[C@@H]1CC[C@@H]([C@H](C1)C#N)n1cc(C(N)=O)c(Nc2ccc(cc2)[C@H](O)C(F)(F)F)n1
89473696,0.07,10.1549,NC(=O)c1cn(nc1Nc1ccnc(F)c1)C1(CC#N)CCC(CC1)Nc1cccc(Cl)c1
90367243,0.08,10.0969,CNC1CCC([C@H](C1)C#N)n1cc(C(N)=O)c(Nc2ccc(cc2)S(=O)(=O)C(F)(F)F)n1
90331807,0.09,10.0458,CC(C)(C)OC(=O)N1CCC(CC#N)(CC1)n1cc(C(N)=O)c(Nc2ccc(cc2)S(=O)(=O)C(F)F)n1
90367194,0.1,10,CC(C)([C@@H](O)C(F)(F)F)c1ccc(Nc2nn(cc2C(N)=O)[C@@H]2CCCC[C@H]2C#N)cc1
71258473,0.11,9.9586,N#CC[C@H]1CC[C@@H](CC1)c1nnn2cnc3[nH]ccc3c12
146012101,0.12,9.9208,CC(C)(C)OC(=O)[C@@H]1CC[C@](CC#N)(CO1)n1nc(Nc2ccnc(F)c2)c2c1cc[nH]c2=O
90367309,0.13,9.8861,NC(=O)c1cn(nc1Nc1ccc(cc1)S(=O)(=O)C(F)(F)F)[C@H]1CC[C@@H](C[C@@H]1C#N)N1CC(O)C1
146011764,0.14,9.8539,CC(C)(C)OC(=O)[C@@H]1CC[C@](CC#N)(CO1)n1nc(Nc2ccc3c(CN(CC(F)(F)F)S3(=O)=O)c2)c2c1cc[nH]c2=O
90367322,0.15,9.8239,NC(=O)c1cn(nc1Nc1ccc(cc1)S(=O)(=O)C(F)(F)F)[C@H]1CC[C@@H](C[C@@H]1C#N)N1CCC1
117882481,0.16,9.7959,CS(=O)(=O)NC[C@H]1CC[C@@H](CC1)c1nnn2cnc3[nH]ccc3c12
90367192,0.17,9.7696,NC(=O)c1cn(nc1Nc1ccc2C(=O)N(CC(F)(F)F)Cc2c1)[C@H]1CCCC[C@@H]1C#N
146011771,0.18,9.7447,CC(C)(C)OC(=O)[C@@H]1CC[C@](CC#N)(CO1)n1nc(Nc2ccc(cc2)[C@@H](N)C(F)(F)F)c2c1cc[nH]c2=O
146012094,0.19,9.7212,CN(CC(F)(F)F)C(=O)c1ccc(Nc2nn(c3cc[nH]c(=O)c23)[C@]2(CC#N)CC[C@H](OC2)C(=O)OC(C)(C)C)cc1C
68291948,0.2,9.699,C[C@H]1[C@@H](C[C@@H]2CN(C[C@H]12)S(C)(=O)=O)Nc1c(cnn2cc(cc12)-c1cnc(N)nc1)C(N)=O
90367313,0.22,9.6576,NC(=O)c1cn(nc1Nc1ccc(cc1)S(=O)(=O)C(F)(F)F)[C@H]1CCC(C[C@@H]1C#N)NC1COC1
136214484,0.23,9.6383,CCC1(CCN(CC1)C(=O)OC(C)(C)C)n1nc(Nc2ccc(C(O)=O)c(C)c2)c2c1cc[nH]c2=O
137649981,0.24,9.6198,NC(=O)c1cn(nc1Nc1cc(F)c2nccc(Cl)c2c1)[C@H]1COCC[C@@H]1C#N
90367264,0.25,9.6021,CC(C)(C(O)=O)c1ccc(Nc2nn(cc2C(N)=O)[C@H]2CCC(C[C@@H]2C#N)N2CC3(CCC3)C2)cc1
146011754,0.26,9.585,CS(=O)(=O)c1ccc(Nc2nn(c3cc[nH]c(=O)c23)[C@]2(CC#N)CCCOC2)cc1
146011837,0.27,9.5686,O=C1OCc2cc(Nc3nn(c4cc[nH]c(=O)c34)C3(CC#N)CCCC3)ccc12
90367199,0.28,9.5528,NC(=O)c1cn(nc1Nc1ccc2c(c1)C(O)CS2(=O)=O)C1CCCC[C@@H]1C#N
90367320,0.29,9.5376,NC(=O)c1cn(nc1Nc1ccc(cc1)S(=O)(=O)C(F)(F)F)[C@H]1CC[C@H](C[C@@H]1C#N)N1CCC1
53380437,0.3,9.5229,Fc1c(ccnc1C(F)(F)F)C(=O)N1CCC(CC1)N1CC(CC#N)(C1)n1cc(cn1)-c1ncnc2[nH]ccc12
146011782,0.31,9.5086,CC(C)(C)OC(=O)N1CCC(CC#N)(CC1)n1nc(Nc2cc(Cn3ccnn3)cc(Cn3ccnn3)c2)c2c1cc[nH]c2=O
146012109,0.33,9.4815,Cc1cc(Nc2nn(c3cc[nH]c(=O)c23)C2(CC#N)CCN(CC2)C(=O)OC(C)(C)C)ccc1C(=O)N1CCSCC1
146011831,0.34,9.4685,Cc1cc(Nc2nn(c3cc[nH]c(=O)c23)[C@]2(CC#N)CCCOC2)ccc1C(=O)N1CCOCC1
90367331,0.35,9.4559,CC(C)N[C@@H]1CC[C@@H]([C@H](C1)C#N)n1cc(C(N)=O)c(Nc2ccc(cc2)S(=O)(=O)C(F)(F)F)n1
89471118,0.36,9.4437,CC(C)([C@H](O)C(F)(F)F)c1ccc(Nc2nn(cc2C(N)=O)[C@H]2CCCC[C@@H]2C#N)cc1
136214446,0.37,9.4318,CCC1(CCN(CC1)C(=O)OC(C)(C)C)n1nc(Nc2ccc(cc2)C2CCN(C)CC2)c2c1cc[nH]c2=O
76955757,0.38,9.4202,CN1CN([C@H]2CC[C@H](CN3CCCS3(=O)=O)CC2)c2c(cnc3[nH]ccc23)C1=O
146011822,0.39,9.4089,CC1CN(C1)S(=O)(=O)c1ccc(Nc2nn(c3cc[nH]c(=O)c23)[C@]2(CC#N)CCCOC2)cc1
68291807,0.4,9.3979,CNC(=O)c1ccc(cn1)-c1cc2c(N[C@@H]3C[C@@H]4CN(C[C@@H]4[C@H]3C)C(=O)C(C)(C)O)c(cnn2c1)C(N)=O
78323708,0.42,9.3768,CN1CN([C@H]2CC[C@H](CNS(=O)(=O)CC(F)(F)F)CC2)c2c(cnc3[nH]ccc23)C1=O
146011726,0.43,9.3665,CC(C)(C)OC(=O)N1CCC(CC#N)(CC1)n1nc(Nc2ccc(cc2)[C@@H](O)C(F)(F)F)c2c1cc[nH]c2=O
146011981,0.44,9.3565,CN(C)S(=O)(=O)c1ccc(Nc2nn(c3cc[nH]c(=O)c23)C2(CC#N)CCN(Cc3ccc(C)cc3)CC2)cc1
90367200,0.45,9.3468,NC(=O)c1cn(nc1Nc1ccc2c(C=CS2(=O)=O)c1)C1CCCC[C@@H]1C#N
146011807,0.46,9.3372,NC(c1ccc(Nc2nn(c3cc[nH]c(=O)c23)C2(CC#N)CCCC2)cc1)C(F)(F)F
136214443,0.47,9.3279,CCC1(CCN(CC1)C(=O)OC(C)(C)C)n1nc(Nc2ccc(C(=O)N3CC4CCC(C3)O4)c(C)c2)c2c1cc[nH]c2=O
146011948,0.48,9.3188,F[C@@H]1COCC[C@]1(CC#N)n1nc(Nc2ccc(cc2)[C@@]2(CCCCN2)C(F)(F)F)c2c1cc[nH]c2=O
146011896,0.49,9.3098,CC(N1CCCC1)c1ccc(Nc2nn(c3cc[nH]c(=O)c23)[C@]2(CC#N)CCCOC2)cc1
91937374,0.5,9.301,C[C@H]1CN(C[C@H]1Nc1c(cnn2cc(cc12)-c1ccnc(F)c1)C(N)=O)C(=O)CC#N
146011949,0.51,9.2924,F[C@@H]1COCC[C@]1(CC#N)n1nc(Nc2ccc(cc2)[C@]2(CCCCN2)C(F)(F)F)c2c1cc[nH]c2=O
136214491,0.52,9.284,CCC1(CCN(CC1)C(=O)OC(C)(C)C)n1nc(Nc2ccc(C(=O)N3C[C@H](C)O[C@@H](C)C3)c(C)c2)c2c1cc[nH]c2=O
136214447,0.54,9.2676,CCC1(CCN(CC1)C(=O)OC(C)(C)C)n1nc(Nc2ccc3c(CN(C4CCOCC4)S3(=O)=O)c2)c2c1cc[nH]c2=O
90367212,0.55,9.2596,NC(=O)c1cn(nc1Nc1cnc2C(=O)NCc2c1)[C@H]1CCCC[C@@H]1C#N
136214496,0.56,9.2518,CCC1(CCN(CC1)C(=O)OC(C)(C)C)n1nc(Nc2ccc(C(=O)N3CCC(CC3)N3CCSCC3)c(C)c2)c2c1cc[nH]c2=O
146011961,0.57,9.2441,CC(C)NC(C)(C)c1ccc(Nc2nn(c3cc[nH]c(=O)c23)C2(CC#N)CCN(CC2)C(=O)OC(C)(C)C)cc1
146011836,0.58,9.2366,O=c1[nH]ccc2n(nc(Nc3ccc(cc3)C#N)c12)C1(CC#N)CCCC1
146676283,0.59,9.2291,FC(F)(F)COCC1CCC(CC1)N1C=CC(=O)C2C=Nc3[nH]ccc3C12
89471023,0.6,9.2218,CC(C)([C@@H](O)C(F)(F)F)c1ccc(Nc2nn(cc2C(N)=O)[C@H]2CCCC[C@@H]2C#N)cc1
136214486,0.61,9.2147,CCC1(CCN(CC1)C(=O)OC(C)(C)C)n1nc(Nc2ccc(C(=O)N3CCOC(C)(C)C3)c(C)c2)c2c1cc[nH]c2=O
136214450,0.62,9.2076,CCC1(CCN(CC1)C(=O)OC(C)(C)C)n1nc(Nc2ccc(C(=O)N3CCO[C@@H](C)C3)c(C)c2)c2c1cc[nH]c2=O
146011804,0.63,9.2007,CN(C)S(=O)(=O)c1ccc(Nc2nn(c3cc[nH]c(=O)c23)[C@@]2(CC#N)CCCC[C@H]2F)cc1
146012043,0.64,9.1938,COC(=O)N1CCC(CC#N)(CC1)n1nc(Nc2ccnc(F)c2)c2c1cc[nH]c2=O
146011939,0.66,9.1805,CN(C)S(=O)(=O)c1ccc(Nc2nn(c3cc[nH]c(=O)c23)C2(CC#N)CCOCC2)cc1
146676284,0.68,9.1675,FC(F)(F)CCOCC1CCC(CC1)N1C=CC(=O)C2C=Nc3[nH]ccc3C12
136215120,0.7,9.1549,CCc1cc(O)c(F)cc1-c1cc2[nH]ncc2c(NCc2ccccc2N(C)S(=O)(=O)CC)n1
146012111,0.71,9.1487,CC(C)(C)OC(=O)N1CCC(CC#N)(CC1)n1nc(Nc2ccc(cc2)[C@@]2(CCCCN2)C(F)(F)F)c2c1cc[nH]c2=O
146011938,0.72,9.1427,CN(C(C)(C)C)S(=O)(=O)c1ccc(Nc2nn(c3cc[nH]c(=O)c23)C2(CC#N)CCOCC2)cc1
146011993,0.73,9.1367,CN(C)S(=O)(=O)c1ccc(Nc2nn(c3cc[nH]c(=O)c23)C2(CC#N)CCN(Cc3ccc(cc3)N3CCCC3=O)CC2)cc1
146676285,0.74,9.1308,FC(F)(F)[C@H](CC#N)OCC1CCC(CC1)N1C=CC(=O)C2C=Nc3[nH]ccc3C12
146011874,0.75,9.1249,COC(C)(c1ccc(Nc2nn(c3cc[nH]c(=O)c23)[C@]2(CC#N)CC[C@H](OC2)C(=O)OC(C)(C)C)cc1)C(F)(F)F
146012110,0.77,9.1135,CC(C)(C)OC(=O)N1CCC(CC#N)(CC1)n1nc(Nc2ccc3c(CN(C4CCN(CC(F)(F)F)CC4)S3(=O)=O)c2)c2c1cc[nH]c2=O
136214493,0.79,9.1024,CCC1(CCN(CC1)C(=O)OC(C)(C)C)n1nc(Nc2ccc(C(=O)N3CCCSCC3)c(C)c2)c2c1cc[nH]c2=O
90367344,0.8,9.0969,C[C@H](N[C@@H]1CC[C@@H]([C@H](C1)C#N)n1cc(C(N)=O)c(Nc2ccc(cc2)S(=O)(=O)C(F)(F)F)n1)C1CC1
146012013,0.81,9.0915,CN(C)S(=O)(=O)c1ccc(Nc2nn(c3cc[nH]c(=O)c23)C2(CC#N)CCN(CC2)C(=O)c2ccccc2Cl)cc1
146011765,0.82,9.0862,CC(C)(C)OC(=O)N1CC(CC#N)(C1)n1nc(Nc2ccc(cc2)S(C)(=O)=O)c2c1cc[nH]c2=O
146011880,0.84,9.0757,CN(C)S(=O)(=O)c1ccc(Nc2nn(c3cc[nH]c(=O)c23)[C@]2(CC#N)COCC[C@@H]2F)cc1
78324306,0.85,9.0706,CN1CN([C@H]2CC[C@H](COCCC#N)CC2)c2c(cnc3[nH]ccc23)C1=O
78319925,0.88,9.0555,CS(=O)(=O)NC[C@H]1CC[C@@H](CC1)N1CN(CC(F)(F)F)C(=O)c2cnc3[nH]ccc3c12
91937381,0.9,9.0458,COc1ncc(cn1)-c1cc2c(N[C@@H]3CN(C[C@@H]3CF)C(=O)C3(CC3)C#N)c(cnn2c1)C(N)=O
136214492,0.93,9.0315,CCC1(CCN(CC1)C(=O)OC(C)(C)C)n1nc(Nc2ccc(C(=O)N3CCOC[C@H]3C(C)C)c(C)c2)c2c1cc[nH]c2=O
146012105,0.97,9.0132,CO[C@@H](c1ccc(Nc2nn(c3cc[nH]c(=O)c23)C2(CC#N)CCN(CC2)C(=O)OC(C)(C)C)cc1)C(F)(F)F
146011847,0.98,9.0088,CCN(C(C)(C)C)S(=O)(=O)c1ccc(Nc2nn(c3cc[nH]c(=O)c23)C2(CC#N)CCCC2)cc1
136214487,0.99,9.0044,CCC1(CCN(CC1)C(=O)OC(C)(C)C)n1nc(Nc2ccc(C(=O)N3CCOC4(CCCC4)C3)c(C)c2)c2c1cc[nH]c2=O
90367193,1,9,NC(=O)c1cn(nc1Nc1ccc2C(=O)N(CC(F)(F)F)Cc2c1)[C@@H]1CCCC[C@H]1C#N
146012014,1.05,8.9788,CN(C)S(=O)(=O)c1ccc(Nc2nn(c3cc[nH]c(=O)c23)C2(CC#N)CCN(CC2)C(=O)Cc2ccc(cc2)C(F)(F)F)cc1
146012011,1.08,8.9666,CN(C)S(=O)(=O)c1ccc(Nc2nn(c3cc[nH]c(=O)c23)C2(CC#N)CCN(CC2)C(=O)c2ccc(Cl)cc2)cc1
136214488,1.09,8.9626,CCC1(CCN(CC1)C(=O)OC(C)(C)C)n1nc(Nc2ccc(C(=O)N3C[C@H](C)O[C@H](C)C3)c(C)c2)c2c1cc[nH]c2=O
91754541,1.1,8.9586,Oc1cc(CC(F)(F)F)c(cc1F)-c1ccc2c(n[nH]c2c1)-c1nc2cc(cnc2[nH]1)C(=O)c1cnc(cn1)N1CCCCC1
146012104,1.11,8.9547,CO[C@H](c1ccc(Nc2nn(c3cc[nH]c(=O)c23)C2(CC#N)CCN(CC2)C(=O)OC(C)(C)C)cc1)C(F)(F)F
136214464,1.13,8.9469,CCC1(CCN(CC1)C(=O)OC(C)(C)C)n1nc(Nc2ccc(cc2)C2CCNCC2)c2c1cc[nH]c2=O
136214501,1.14,8.9431,CCC1(CCN(CC1)C(=O)OC(C)(C)C)n1nc(Nc2ccc(C(=O)N3CCCOC(C)C3)c(C)c2)c2c1cc[nH]c2=O
146012056,1.15,8.9393,O[C@@H](c1ccc(Nc2nn(c3cc[nH]c(=O)c23)C2(CC#N)CCN(CC2)c2cc(ccn2)C(F)(F)F)cc1)C(F)(F)F
136214467,1.19,8.9245,CCC1(CCN(CC1)C(=O)OC(C)(C)C)n1nc(Nc2ccc(C(=O)N3CCC(F)(F)CC3)c(C)c2)c2c1cc[nH]c2=O
91669296,1.2,8.9208,CCc1cc(O)c(F)cc1-c1ccc2c(n[nH]c2c1)-c1nc2CN(CCc2[nH]1)S(=O)(=O)c1ccc(F)cc1
136214499,1.23,8.9101,CCC1(CCN(CC1)C(=O)OC(C)(C)C)n1nc(Nc2ccc(C(=O)N3CCOCC(C)C3)c(C)c2)c2c1cc[nH]c2=O
68358847,1.3,8.8861,Cc1cccc(c1)-c1cc2c(N[C@@H]3CCC[C@]3(C)F)c(cnn2c1)C(N)=O
58293091,1.36,8.8665,CN([C@H]1CC[C@H](CS(=O)(=O)N2CC[C@@](O)(CSc3ccccn3)C2)CC1)c1ncnc2[nH]ccc12
51355384,1.44,8.8416,CN([C@H]1CC[C@H](CS(=O)(=O)N2CC[C@@H](C2)NC(=O)OC(C)(C)C)CC1)c1ncnc2[nH]ccc12
135374745,1.49,8.8268,Cn1cnc2c(Nc3ccn(n3)-c3ccccn3)cc(O[C@@H]3CC[C@@H](CC3)NC[C@@H](O)C(F)(F)F)cc12
91754538,1.5,8.8239,CCc1cc(O)c(F)cc1-c1ccc2c(n[nH]c2c1)-c1nc2cc(cnc2[nH]1)C(=O)c1ccc(Oc2ccccc2F)cc1OCC(C)NN
146011995,1.54,8.8125,CN(C)S(=O)(=O)c1ccc(Nc2nn(c3cc[nH]c(=O)c23)C2(CC#N)CCN(Cc3cccc4[nH]ccc34)CC2)cc1
58293162,1.55,8.8097,CN([C@H]1CC[C@H](CS(=O)(=O)N2CC(C2)c2nnn[nH]2)CC1)c1ncnc2[nH]ccc12
136214482,1.65,8.7825,CCC1(CCN(CC1)C(=O)OC(C)(C)C)n1nc(Nc2ccc(cc2)C(C)(O)C(F)(F)F)c2c1cc[nH]c2=O
136214500,1.69,8.7721,CCC1(CCN(CC1)C(=O)OC(C)(C)C)n1nc(Nc2ccc(C(=O)N3CCOC4CC34)c(C)c2)c2c1cc[nH]c2=O
146012066,1.71,8.767,Clc1ccc(Nc2nn(c3cc[nH]c(=O)c23)[C@@]2(CC#N)CC[C@@H](CC2)Nc2ccccc2)cc1
136214466,1.73,8.762,CCC1(CCN(CC1)C(=O)OC(C)(C)C)n1nc(Nc2ccc(C(=O)N3CCSCC3)c(c2)C(F)F)c2c1cc[nH]c2=O
136214469,1.79,8.7471,CCc1cc(Nc2nn(c3cc[nH]c(=O)c23)C2(CC)CCN(CC2)C(=O)OC(C)(C)C)ccc1C(=O)N1CCSCC1
58293167,1.8,8.7447,CN([C@H]1CC[C@H](CS(=O)(=O)N2CC[C@@](O)(Cn3cccn3)C2)CC1)c1ncnc2[nH]ccc12
146012075,1.81,8.7423,CN1Cc2cc(Nc3nn(c4cc[nH]c(=O)c34)[C@]3(CC#N)CC[C@@H](CC3)N3CC(F)C3)ccc2S1(=O)=O
117884569,1.9,8.7212,COc1ccc(cn1)C(O)(CN[C@H]1CC[C@@H](CC1)c1nnn2cnc3[nH]ccc3c12)C(F)(F)F
135374779,1.91,8.719,Cn1cnc2c(Nc3cc[nH]n3)cc(O[C@H]3CCC(C)(CC3)NC[C@@H](O)C(F)(F)F)cc12
58293089,1.92,8.7167,CN([C@H]1CC[C@H](CS(=O)(=O)N2CC[C@](O)(C2)c2ccccc2)CC1)c1ncnc2[nH]ccc12
146011985,1.94,8.7122,CC(C)Oc1ccc(CN2CCC(CC#N)(CC2)n2nc(Nc3ccc(cc3)S(=O)(=O)N(C)C)c3c2cc[nH]c3=O)cc1
146011803,1.97,8.7055,FC(F)(F)c1ccc(Nc2nn(c3cc[nH]c(=O)c23)C2(CC#N)CCC3(CC2)OCCO3)cc1
89473467,2,8.699,Cc1ccc(NC(=O)N2CC(CC#N)(C2)n2cc(C(N)=O)c(Nc3ccccc3)n2)cc1
146012057,2.01,8.6968,Cc1cc(Nc2nn(c3cc[nH]c(=O)c23)C2(CC#N)CCN(CC2)c2cc(ccn2)C(F)(F)F)ccc1C(=O)N1CCC(F)(F)CC1
146011841,2.07,8.684,CC(C)N1Cc2ccc(Nc3nn(c4cc[nH]c(=O)c34)C3(CC#N)CCCC3)cc2C1
146011942,2.08,8.6819,Cc1cc(Nc2nn(c3cc[nH]c(=O)c23)[C@@]2(CC#N)CCOC[C@H]2F)ccc1C(=O)N1CCOCC1
146011783,2.1,8.6778,CC(C)(C)OC(=O)N1CCC(CC#N)(CC1)n1nc(Nc2cc(Cn3nccn3)cc(Cn3nccn3)c2)c2c1cc[nH]c2=O
136214479,2.13,8.6716,CCC1(CCN(CC1)C(=O)OC(C)(C)C)n1nc(Nc2ccc(cc2)S(=O)(=O)N2CCC[C@H]2C)c2c1cc[nH]c2=O
136214472,2.19,8.6596,CCC1(CCN(CC1)C(=O)OC(C)(C)C)n1nc(Nc2ccc(cc2)[C@@]2(CCCCN2)C(F)(F)F)c2c1cc[nH]c2=O
91669290,2.2,8.6576,CCc1cc(O)c(F)cc1-c1ccc2c(n[nH]c2c1)-c1nc2CN(CCc2[nH]1)C(=O)c1cnc(cn1)N1CCCCC1
146012073,2.23,8.6517,FC(F)S(=O)(=O)c1ccc(Nc2nn(c3cc[nH]c(=O)c23)[C@]2(CC#N)CC[C@@H](CC2)N2CC(F)C2)cc1
146011946,2.26,8.6459,Cc1cc(Nc2nn(c3cc[nH]c(=O)c23)[C@@]2(CC#N)CCOC[C@H]2F)ccc1C(=O)N1CCSCC1
146011924,2.29,8.6402,O=c1[nH]ccc2n(nc(Nc3ccc(cc3)C#N)c12)[C@]1(CC#N)CCOC1
137642141,2.3,8.6383,C[C@@H]1CCN(C[C@@H]1N(C)c1ncnc2[nH]ccc12)C(=O)N1CC[C@H](C1)S(=O)(=O)c1cccc(O)c1
146011982,2.32,8.6345,CN(C)S(=O)(=O)c1ccc(Nc2nn(c3cc[nH]c(=O)c23)C2(CC#N)CCN(Cc3ccc(cc3)C(F)(F)F)CC2)cc1
136214478,2.38,8.6234,CCC1(CCN(CC1)C(=O)OC(C)(C)C)n1nc(Nc2ccc(cc2)S(=O)(=O)N2CCC[C@@H]2C)c2c1cc[nH]c2=O
117882439,2.4,8.6198,Clc1ccc(cc1)C1(COC1)NC[C@H]1CC[C@@H](CC1)c1nnn2cnc3[nH]ccc3c12
146011952,2.42,8.6162,CC(C)(C)N[C@H](c1ccc(Nc2nn(c3cc[nH]c(=O)c23)[C@@]2(CC#N)CCOC[C@H]2F)cc1)C(F)(F)F
146011722,2.47,8.6073,COC(=O)c1ccc(Nc2nn(c3cc[nH]c(=O)c23)C2(CC#N)CN(C2)C(=O)OC(C)(C)C)cc1
136214474,2.5,8.6021,CCC1(CCN(CC1)C(=O)OC(C)(C)C)n1nc(Nc2ccc(cc2)[C@]2(CCCN2)C(F)(F)F)c2c1cc[nH]c2=O
58293201,2.54,8.5952,CN([C@H]1CC[C@H](CS(=O)(=O)N2CC[C@@H](C2)c2ccccn2)CC1)c1ncnc2[nH]ccc12
78323380,2.6,8.585,FC(F)(F)CN1CN([C@H]2CC[C@H](CN3CCCS3(=O)=O)CC2)c2c(cnc3[nH]ccc23)C1=O
146011953,2.63,8.58,CC(C)(C)N[C@@H](c1ccc(Nc2nn(c3cc[nH]c(=O)c23)[C@@]2(CC#N)CCOC[C@H]2F)cc1)C(F)(F)F
146011723,2.64,8.5784,CC(C)(C)OC(=O)N1CC(CC#N)(C1)n1nc(Nc2ccc(F)cc2)c2c1cc[nH]c2=O
129626867,2.7,8.5686,COC[C@H](O)Cn1cc(cn1)-c1cn2ncc(C(N)=O)c(N[C@H]3CN(C[C@H]3C)C(=O)C3(CC3)C#N)c2n1
136214471,2.74,8.5622,CCC1(CCN(CC1)C(=O)OC(C)(C)C)n1nc(Nc2ccc(cc2)[C@]2(CCCCN2)C(F)(F)F)c2c1cc[nH]c2=O
146012054,2.77,8.5575,Cc1cc(Nc2nn(c3cc[nH]c(=O)c23)C2(CC#N)CCN(CC2)c2cc(ccn2)C(F)(F)F)ccc1C(=O)N1CCSCC1
58293215,2.78,8.556,CNS(=O)(=O)[C@H]1CCN(C1)S(=O)(=O)C[C@H]1CC[C@@H](CC1)N(C)c1ncnc2[nH]ccc12
136214475,2.82,8.5498,CCC1(CCN(CC1)C(=O)OC(C)(C)C)n1nc(Nc2ccc(cc2)[C@@]2(CCCN2)C(F)(F)F)c2c1cc[nH]c2=O
136214441,2.86,8.5436,CCC1(CCN(CC1)C(=O)OC(C)(C)C)n1nc(Nc2ccc3c(CN(C(C)(C)C)S3(=O)=O)c2)c2c1cc[nH]c2=O
136215203,2.9,8.5376,CNC(=O)c1n[nH]c2cc(nc(NCc3ccccc3N(CCO)S(C)(=O)=O)c12)-c1cc(F)c(O)cc1CC(F)(F)F
146012062,2.98,8.5258,FC1CN(C1)[C@H]1CC[C@](CC#N)(CC1)n1nc(Nc2ccc(Cl)cc2)c2c1cc[nH]c2=O
89473746,3,8.5229,NC(=O)c1cn(nc1Nc1ccccc1)C1(CC#N)CN(C1)C(=O)OC1CCCC1
118253696,3.1,8.5086,NC(=O)c1cnn2cc(nc2c1N[C@@H]1CN(C[C@@H]1CF)C(=O)C1(CC1)C#N)-c1cnn(c1)C(F)F
146011997,3.16,8.5003,CN(C)S(=O)(=O)c1ccc(Nc2nn(c3cc[nH]c(=O)c23)C2(CC#N)CCN(CCc3ccccc3)CC2)cc1
78323059,3.2,8.4949,FC(F)(F)CNC[C@H]1CC[C@@H](CC1)N1CN(CC(F)(F)F)C(=O)c2cnc3[nH]ccc3c12
136214444,3.21,8.4935,CCC1(CCN(CC1)C(=O)OC(C)(C)C)n1nc(Nc2ccc3C(=O)N(Cc3c2)C2(C)CCC(F)(F)CC2)c2c1cc[nH]c2=O
135374883,3.25,8.4881,COCCCn1nc(Nc2cc(O[C@@H]3CC[C@@H](CC3)NC[C@@H](O)C(F)(F)F)cc3n(C)cnc23)cc1C
117769307,3.3,8.4815,C[C@]1(N)CC[C@@H](Nc2c(cnn3cc(cc23)-c2ccnc(F)c2)C(N)=O)C1(C)C
136215167,3.4,8.4685,CCc1cc(O)c(F)cc1-c1cc2[nH]nc(-c3ncc[nH]3)c2c(NCc2ccccc2N(C)S(C)(=O)=O)n1
136215163,3.5,8.4559,CCc1cc(O)c(F)cc1-c1cc2[nH]nc(-c3nnc(C)[nH]3)c2c(NCc2ccccc2N(C)S(C)(=O)=O)n1
117769217,3.6,8.4437,C[C@]1(N)CC[C@@H](Nc2c(cnn3cc(cc23)-c2ccncc2F)C(N)=O)C1(C)C
129626895,3.7,8.4318,CCCn1cc(cn1)-c1cn2ncc(C(N)=O)c(N[C@H]3CN(C[C@H]3CF)C(=O)C3(CC3)C#N)c2n1
136215109,3.8,8.4202,CCc1cc(O)ccc1-c1cc2[nH]ncc2c(n1)N1CCc2ccc(cc2C1)S(=O)(=O)NCCN1CCCC1
129626887,3.9,8.4089,CCCn1cc(cn1)-c1cn2ncc(C(N)=O)c(N[C@H]3CN(C[C@H]3CC)C(=O)C3(CC3)C#N)c2n1
146011930,3.93,8.4056,Fc1ccnc2ccc(Nc3nn(c4cc[nH]c(=O)c34)[C@]3(CC#N)CCOC3)cc12
146012007,3.96,8.4023,CN(C)S(=O)(=O)c1ccc(Nc2nn(c3cc[nH]c(=O)c23)C2(CC#N)CCN(CC2)C(=O)C23CC4C[C@H](C[C@H](C4)C2)C3)cc1
136215166,4.1,8.3872,CCc1cc(O)c(F)cc1-c1cc2[nH]nc(-n3cccn3)c2c(NCc2ccccc2N(C)S(C)(=O)=O)n1
146012061,4.14,8.383,OC1CC[C@](CC#N)(CC1)n1nc(Nc2ccc(cc2)C(F)(F)F)c2c1cc[nH]c2=O
136215149,4.2,8.3768,CNC(=O)c1n[nH]c2cc(nc(NCc3cc(F)ccc3N(C)S(C)(=O)=O)c12)-c1cc(F)c(O)cc1CC(F)(F)F
136215170,4.3,8.3665,CCc1cc(O)c(F)cc1-c1cc2[nH]nc(-c3nc(C)c[nH]3)c2c(NCc2ccccc2N(C)S(C)(=O)=O)n1
146011935,4.34,8.3625,CC(C)(C)S(=O)(=O)c1ccc(Nc2nn(c3cc[nH]c(=O)c23)[C@]2(CC#N)CCOC2)cc1
136214481,4.4,8.3565,CCC1(CCN(CC1)C(=O)OC(C)(C)C)n1nc(Nc2ccc(cc2)C(C)(OC)C(F)(F)F)c2c1cc[nH]c2=O
58293189,4.45,8.3516,COc1ccccc1CS(=O)(=O)[C@H]1CCN(C1)S(=O)(=O)C[C@H]1CC[C@@H](CC1)N(C)c1ncnc2[nH]ccc12
136215177,4.5,8.3468,CN(c1ccc(O)cc1CNc1nc(cc2[nH]nc(C(=O)Nc3ccc(NCCO)nc3)c12)-c1cc(F)c(O)cc1CC(F)(F)F)S(C)(=O)=O
146011838,4.53,8.3439,CC1(C)OC(=O)c2ccc(Nc3nn(c4cc[nH]c(=O)c34)C3(CC#N)CCCC3)cc12
71288724,4.6,8.3372,CC[C@@H](NC(=O)c1c[nH]c2ncc(nc12)-c1nn(C)c2cc(Cl)ccc12)C(=O)N1CC(C1)C#N
136215662,4.7,8.3279,CN(c1ccc(C)cc1CNc1nc(cc(N)c1C(=N)C(N)=O)-c1cc(F)c(O)cc1CC(F)(F)F)S(C)(=O)=O
146011756,4.74,8.3242,COC(=O)[C@H]1CC[C@@](CC#N)(CO1)n1nc(Nc2ccc(cc2)S(C)(=O)=O)c2c1cc[nH]c2=O
146011839,4.76,8.3224,CC(C)(C)OC(=O)c1ccc(Nc2nn(c3cc[nH]c(=O)c23)C2(CC#N)CCCC2)cc1
58293082,4.79,8.3197,CN([C@H]1CC[C@H](CS(=O)(=O)N2CC[C@@H](C2)S(=O)(=O)CCc2ccccc2)CC1)c1ncnc2[nH]ccc12
136215637,4.9,8.3098,CN(c1ccccc1CNc1nc(nc2[nH]nc(C(N)=O)c12)-c1cc(F)c(O)cc1CC(F)(F)F)S(C)(=O)=O
118253658,5,8.301,CC[C@H]1CN(C[C@H]1Nc1c(cnn2cc(nc12)-c1cnn(C)c1)C(N)=O)C(=O)C1(CC1)C#N
58293114,5.03,8.2984,CN([C@H]1CC[C@H](CS(=O)(=O)N2CCC(O)(CC2)c2ccccc2)CC1)c1ncnc2[nH]ccc12
72202249,5.1,8.2924,Cc1cnc(Nc2ccc(cc2)N2CCOCC2)nc1-c1cc2CN(CCc2o1)C(=O)CC#N
58293182,5.22,8.2823,CN([C@H]1CC[C@H](CS(=O)(=O)N2C[C@@H](O)[C@@H](C2)c2ccccc2)CC1)c1ncnc2[nH]ccc12
135374742,5.25,8.2798,COc1cc(Nc2cc(O[C@@H]3CC[C@@H](CC3)NC[C@@H](O)C(F)(F)F)cc3n(C)cnc23)nn1C
136215229,5.3,8.2757,CNC(=O)c1n[nH]c2cc(nc(NCc3ccccc3N(C)S(=O)(=O)c3cn(C)cn3)c12)-c1cc(F)c(O)cc1CC(F)(F)F
135374917,5.35,8.2716,Cc1cc(Nc2cc(O[C@@H]3CC[C@@H](CC3)NC[C@@H](O)C(F)F)cc3n(C)cnc23)nn1C
136215168,5.4,8.2676,CNC(=O)c1n[nH]c2nc(nc(NCc3ccccc3N(C)S(C)(=O)=O)c12)-c1cc(F)c(O)cc1CC(F)(F)F
146012065,5.41,8.2668,OC1CC[C@](CC#N)(CC1)n1nc(Nc2ccc(Cl)cc2)c2c1cc[nH]c2=O
138678751,5.43,8.2652,CCn1nc(Nc2cc(O[C@@H]3CC[C@@H](CC3)NC[C@@H](O)C(F)(F)F)cc3n(C)cnc23)cc1C
58293083,5.5,8.2596,CN([C@H]1CC[C@H](CS(=O)(=O)N2CC[C@@H](C2)c2ccccc2F)CC1)c1ncnc2[nH]ccc12
136215641,5.6,8.2518,CN(c1ccc(O)cc1CNc1nc(nc(N)c1C(=N)c1nc2CNCCc2[nH]1)-c1cc(F)c(O)cc1CC(F)(F)F)S(C)(=O)=O
136215209,5.7,8.2441,CNC(=O)c1n[nH]c2cc(nc(NCc3ccc(O)cc3N(C)S(C)(=O)=O)c12)-c1cc(F)c(O)cc1CC(F)(F)F
129626884,5.8,8.2366,CC[C@@H]1CN(C[C@@H]1Nc1c(cnn2cc(nc12)-c1cn(C)nc1C)C(N)=O)C(=O)C1(CC1)C#N
136947887,6,8.2218,CCc1cc(O)ccc1-c1cc2[nH]ncc2c(NCc2c(C)cccc2N(C)S(C)(=O)=O)n1
136215236,6.1,8.2147,CNC(=O)c1n[nH]c2cc(nc(NCc3cc(O)ccc3N(C)S(=O)(=O)c3cccnc3)c12)-c1cc(F)c(O)cc1CC(F)(F)F
91937390,6.2,8.2076,CS(=O)(=O)N1C[C@H](CF)[C@@H](C1)Nc1c(cnn2cc(cc12)-c1ccc(nc1)C(F)(F)F)C(N)=O
136215157,6.4,8.1938,CCN(c1ccccc1CNc1nc(cc2[nH]nc(C(=O)NC)c12)-c1cc(F)c(O)cc1CC(F)(F)F)S(C)(=O)=O
58293164,6.5,8.1871,C[C@@H]1C[C@@H](CS(=O)(=O)N2CC[C@@H](CO)C2)CC[C@@H]1N(C)c1ncnc2[nH]ccc12
136214477,6.59,8.1811,CCC1(CCN(CC1)C(=O)OC(C)(C)C)n1nc(Nc2ccc(cc2)[C@H](NC(C)(C)C)C(F)(F)F)c2c1cc[nH]c2=O
136215231,6.6,8.1805,CN(c1ccc(F)cc1CNc1nc(cc2[nH]nc(C(N)=O)c12)-c1cc(F)c(O)cc1CC(F)(F)F)S(C)(=O)=O
146011928,6.62,8.1791,Fc1cc(Nc2nn(c3cc[nH]c(=O)c23)[C@]2(CC#N)CCOC2)cc2c(Cl)ccnc12
129626849,6.7,8.1739,C[C@@H](O)Cn1cc(cn1)-c1cn2ncc(C(N)=O)c(N[C@H]3CN(C[C@H]3C)c3ccc(cn3)C#N)c2n1
58293193,6.89,8.1618,CN([C@H]1CC[C@H](CS(=O)(=O)N2CC[C@H](C2)c2ccccc2)CC1)c1ncnc2[nH]ccc12
117882454,6.9,8.1612,OC(CNC(=O)[C@H]1CC[C@@H](CC1)c1nnn2cnc3[nH]ccc3c12)(c1ccc(F)cc1)C(F)(F)F
90367338,7,8.1549,CN(C(C1CC1)C1CC1)[C@@H]1CC[C@@H]([C@H](C1)C#N)n1cc(C(N)=O)c(Nc2ccc(cc2)S(=O)(=O)C(F)(F)F)n1
78324010,7.1,8.1487,FC(F)CNC[C@H]1CC[C@@H](CC1)N1CN(C2CC2)C(=O)c2cnc3[nH]ccc3c12
136215110,7.2,8.1427,CCc1cc(O)ccc1-c1cc2[nH]ncc2c(n1)N1CCc2c(C1)cccc2C(=O)NCc1ccccc1
146011767,7.27,8.1385,CC(C)(C)OC(=O)N1CC(CC#N)(C1)n1nc(Nc2ccc(cc2)S(=O)(=O)C(F)(F)F)c2c1cc[nH]c2=O
136215244,7.3,8.1367,CN(c1ccccc1CNc1nc(cc2[nH]nc(C(N)=O)c12)-c1cc(F)c(O)cc1CC(F)(F)F)S(=O)(=O)c1cccnc1
58293202,7.34,8.1343,CN([C@H]1CC[C@H](CS(=O)(=O)N2CC[C@@H](C2)S(=O)(=O)Cc2ccccc2)CC1)c1ncnc2[nH]ccc12
91937368,7.5,8.1249,CC[C@@H]1CN(CC[C@H]1Nc1c(cnn2cc(cc12)-c1cnn(C)c1)C(N)=O)C(=O)CC(F)(F)F
117882441,7.6,8.1192,OC1(CCN(C[C@H]2CC[C@@H](CC2)c2nnn3cnc4[nH]ccc4c23)CC1)c1ccc(Cl)c(c1)C(F)(F)F
91669309,7.7,8.1135,Oc1cc(CC(F)(F)F)c(cc1F)-c1ccc2c(n[nH]c2c1)-c1nc2CN(CCc2[nH]1)C(=O)c1ccc(F)cc1
136215258,7.8,8.1079,CCS(=O)(=O)N(C)c1ccccc1CNc1nc(cc2[nH]nc(C(N)=O)c12)-c1cc(F)c(O)cc1CC(F)(F)F
91937386,8,8.0969,COc1ccc(cn1)-c1cc2c(N[C@H]3CCN(CC3(C)C)C(=O)[C@H](C)O)c(cnn2c1)C(N)=O
136947902,8.1,8.0915,CCc1cc(O)ccc1-c1cc2[nH]ncc2c(n1)N1CCC(C1)S(=O)(=O)N(C)C
129626846,8.3,8.0809,CCn1cc(cn1)-c1cn2ncc(C(N)=O)c(N[C@H]3CN(C[C@H]3C)c3ncc(cn3)C#N)c2n1
58293150,8.34,8.0788,CN([C@H]1CC[C@H](CS(=O)(=O)N2CC[C@](C)(O)C2)CC1)c1ncnc2[nH]ccc12
91669291,8.4,8.0757,CCc1cc(O)c(F)cc1-c1ccc2c(n[nH]c2c1)-c1nc2CN(CCc2[nH]1)S(=O)(=O)c1ccc(nc1)N1CCOCC1
136214476,8.43,8.0742,CCC1(CCN(CC1)C(=O)OC(C)(C)C)n1nc(Nc2ccc(cc2)[C@@H](NC(C)(C)C)C(F)(F)F)c2c1cc[nH]c2=O
136215118,8.5,8.0706,CCCCN(c1ccccc1CNc1nc(cc2[nH]ncc12)-c1cc(F)c(O)cc1CC)S(C)(=O)=O
136215198,8.7,8.0605,CNC(=O)c1n[nH]c2nc(nc(NCc3ccccc3N(CCO)S(C)(=O)=O)c12)-c1cc(F)c(O)cc1CC(F)(F)F
136214457,8.85,8.0531,CCC1(CCN(CC1)C(=O)OC(C)(C)C)n1nc(Nc2ccc(cc2)[C@@]2(CCCCCN2)C(F)(F)F)c2c1cc[nH]c2=O
71607865,8.9,8.0506,ClC[C@H]1CC[C@@H](CC1)c1nnn2cnc3[nH]ccc3c12
91937369,9,8.0458,CC[C@@H]1CN(CC[C@H]1Nc1c(cnn2cc(cc12)-c1cnn(C)c1)C(N)=O)C(=O)[C@@H](C)O
136215193,9.3,8.0315,CC(CO)CNc1nc(nc2[nH]nc(-c3nc4CN(Cc5ccccc5)CCc4[nH]3)c12)-c1cc(F)c(O)cc1CC(F)(F)F
129626859,9.6,8.0177,C[C@@H]1CN(C[C@@H]1Nc1c(cnn2cc(nc12)-c1cnn(C[C@H](O)C(F)(F)F)c1)C(N)=O)c1ccc(cn1)C#N
136215114,9.7,8.0132,CCc1cc(O)ccc1-c1cc2[nH]ncc2c(n1)N1CCc2cc(F)ccc2C1
126715392,10,8,COc1nn(C)cc1Nc1ncc(C)c(n1)-c1c[nH]c2c(NC(=O)[C@@H](C)N3CCN(C)CC3)cccc12
136215107,10.1,7.9957,CCc1cc(O)ccc1-c1cc2[nH]ncc2c(n1)N1CCc2cc(OCCOC)ccc2C1
136214445,10.2,7.9914,CCC1(CCN(CC1)C(=O)OC(C)(C)C)n1nc(Nc2ccc(cc2)C2CCN(CC(F)(F)F)CC2)c2c1cc[nH]c2=O
136215228,10.3,7.9872,CNC(=O)c1n[nH]c2cc(nc(NCc3ccccc3N(C)S(=O)(=O)c3cn[nH]c3)c12)-c1cc(F)c(O)cc1CC(F)(F)F
58293197,10.4,7.983,CN([C@H]1CC[C@H](CS(=O)(=O)N2CCN(CC2)c2ncccc2C(=O)NC2CC2)CC1)c1ncnc2[nH]ccc12
136215205,10.5,7.9788,CS(=O)(=O)N(CCO)c1ccccc1CNc1nc(nc2[nH]nc(C(N)=O)c12)-c1cc(F)c(O)cc1CC(F)(F)F
136215241,10.6,7.9747,CN(c1ccccc1CNc1nc(cc2[nH]nc(C(N)=O)c12)-c1cc(F)c(O)cc1C1CC1)S(C)(=O)=O
136215106,10.7,7.9706,CCc1cc(O)ccc1-c1cc2[nH]ncc2c(n1)N1CCc2cc(ccc2C1)-n1cnc(C)c1
68358923,10.9,7.9626,Cn1nccc1-c1cc2c(N[C@@H]3C[C@@H](O)[C@@H](O)C3(C)C)c(cnn2c1)C(N)=O
89471112,11,7.9586,C[C@H](N[C@@H]1CC[C@@H]([C@H](C1)C#N)n1cc(C(N)=O)c(Nc2ccc(OC(F)F)nc2)n1)C1CC1
118253752,11.6,7.9355,CC[C@H]1CN(C[C@H]1Nc1c(cnn2cc(nc12)-c1cnn(C[C@H](O)C(F)(F)F)c1)C(N)=O)C(=O)C1(CC1)C#N
146011772,11.7,7.9318,CC(C)(C)OC(=O)[C@H]1CC[C@](CC#N)(CO1)n1nc(Nc2ccc(cc2)[C@H](N)C(F)(F)F)c2c1cc[nH]c2=O
146011770,11.8,7.9281,CC(C)(C)OC(=O)[C@H]1CC[C@](CC#N)(CO1)n1nc(Nc2ccc(cc2)[C@@H](N)C(F)(F)F)c2c1cc[nH]c2=O
136215253,12.1,7.9172,CCN(c1ccc(F)cc1CNc1nc(cc2[nH]nc(C(N)=O)c12)-c1cc(F)c(O)cc1CC(F)(F)F)S(C)(=O)=O
129626883,12.3,7.9101,CC[C@@H]1CN(C[C@@H]1Nc1c(cnn2cc(nc12)-c1ccnn1C)C(N)=O)C(=O)C1(CC1)C#N
146011753,12.6,7.8996,CS(=O)(=O)c1ccc(Nc2nn(c3cc[nH]c(=O)c23)[C@@]2(CC#N)CCCOC2)cc1
68358761,12.7,7.8962,C[C@@]1(N)CC[C@H](Nc2c(cnn3cc(cc23)-c2ccc(cc2)C#N)C(N)=O)C1(C)C
146011752,13.5,7.8697,CN(C)S(=O)(=O)c1ccc(Nc2nn(c3cc[nH]c(=O)c23)[C@@]2(CC#N)CCCOC2)cc1
136215151,13.6,7.8665,CNC(=O)c1n[nH]c2cc(nc(NCc3cc(Cl)ccc3N(C)S(C)(=O)=O)c12)-c1cc(F)c(O)cc1CC(F)(F)F
91754540,13.7,7.8633,CCc1cc(O)c(F)cc1-c1ccc2c(n[nH]c2c1)-c1nc2cc(Cc3ccc4C=CCNc4n3)cnc2[nH]1
136215104,13.8,7.8601,CCc1cc(O)ccc1-c1cc2[nH]ncc2c(n1)N1CCc2ccc(OC)c(OC)c2C1
136214452,13.9,7.857,CCC1(CCN(CC1)C(=O)OC(C)(C)C)n1nc(Nc2ccc(cc2)[C@]2(CCCCCN2)C(F)(F)F)c2c1cc[nH]c2=O
89470730,14,7.8539,NC(=O)c1cn(nc1Nc1ccc(cc1)[C@H](O)C(F)(F)F)[C@H]1COCC[C@@H]1C#N
136215221,14.2,7.8477,CNC(=O)c1n[nH]c2cc(nc(NCc3ccccc3N(C)S(=O)(=O)c3cccnc3)c12)-c1cc(F)c(O)cc1CC(F)(F)F
136215246,14.6,7.8356,CN(c1ccc(Cl)cc1CNc1nc(cc2[nH]nc(C(N)=O)c12)-c1cc(F)c(O)cc1CC(F)(F)F)S(C)(=O)=O
136215642,14.7,7.8327,CNC(=O)c1n[nH]c2cc(nc(NCc3ccccc3N(C)S(=O)(=O)NCCO)c12)-c1cc(F)c(O)cc1CC(F)(F)F
118253759,14.8,7.8297,CC[C@H]1CN(C[C@H]1Nc1c(cnn2cc(nc12)-c1cnn(CC)c1)C(N)=O)C(=O)C1(CCC1)C#N
136215115,14.9,7.8268,CCc1cc(O)ccc1-c1cc2[nH]ncc2c(n1)N1CCc2cccc(OC)c2C1
136215183,15.7,7.8041,CNC(=O)c1n[nH]c2nc(nc(NCc3ccccc3N(C)S(=O)(=O)NC)c12)-c1cc(F)c(O)cc1CC(F)(F)F
58180521,16,7.7959,CCn1c(cc2c1nc(Nc1cc(C)[nH]n1)c1ncn(C)c21)C(=O)N(C1CC1)C1CC1
146012078,16.1,7.7932,CN(C)[C@H]1CC[C@](CC#N)(CC1)n1nc(Nc2ccc3c(CN(C(C)(C)C)S3(=O)=O)c2)c2c1cc[nH]c2=O
136215243,16.2,7.7905,CNC(=O)c1n[nH]c2cc(nc(NCc3ccccc3N(C)S(=O)(=O)c3ccc(C)nc3)c12)-c1cc(F)c(O)cc1CC(F)(F)F
136215247,16.3,7.7878,CNC(=O)c1n[nH]c2cc(nc(NCc3cc(C)cnc3N(C)S(C)(=O)=O)c12)-c1cc(F)c(O)cc1CC(F)(F)F
129626855,16.9,7.7721,COC[C@H](O)Cn1cc(cn1)-c1cn2ncc(C(N)=O)c(N[C@H]3CN(C[C@H]3C)c3ncc(cn3)C#N)c2n1
71285696,17,7.7696,C[C@@H](NC(=O)c1c[nH]c2ncc(nc12)-c1nn(C)c2cc(F)ccc12)C(=O)N1CC(C1)C#N
91755099,17.3,7.762,C[C@]1(N)CC[C@@H](Nc2c(cnn3cc(cc23)-c2ccc(nc2)N2CCCC2)C(N)=O)C1(C)C
66547091,17.4,7.7595,C[C@]1(O)CCCC[C@@H]1Nc1c(cnn2cc(cc12)-c1ccccc1)C(N)=O
136215161,17.5,7.757,CCc1cc(O)c(F)cc1-c1cc2[nH]nc(C(=O)NC)c2c(NCc2ccccc2N(C)S(=O)(=O)c2ccccc2)n1
135138197,17.7,7.752,COc1cc(Nc2nn(cc2C(N)=O)[C@@H]2COCC[C@H]2C#N)cc(F)n1
89473607,18,7.7447,CC(F)(F)C(=O)N1CC[C@](CC#N)([C@H](F)C1)n1cc(C(N)=O)c(Nc2ccc(F)nc2)n1
136215123,18.1,7.7423,CCc1cc(O)c(F)cc1-c1cc2[nH]ncc2c(n1)N(CCN1CCOCC1)Cc1ccccc1N(C)S(C)(=O)=O
136215155,18.5,7.7328,CNC(=O)c1n[nH]c2cc(nc(NCC3CCCC3)c12)-c1cc(F)c(O)cc1CC(F)(F)F
129626850,18.6,7.7305,C[C@@H](O)Cn1cc(cn1)-c1cn2ncc(C(N)=O)c(N[C@H]3CN(C[C@H]3C)c3ncc(cn3)C#N)c2n1
91669293,18.9,7.7235,CCc1cc(O)c(F)cc1-c1ccc2c(n[nH]c2c1)-c1nc2CCN(CCc2[nH]1)C(=O)c1cc(ccn1)C#N
58180591,19,7.7212,CCn1c(cc2c1nc(Nc1nc(C)c(s1)C(=O)NC)c1ncn(C)c21)C(=O)N(C1CC1)C1CC1
129626851,19.3,7.7144,C[C@@H]1CN(C[C@@H]1Nc1c(cnn2cc(nc12)-c1cnn(CC(C)(C)O)c1)C(N)=O)c1ncc(cn1)C#N
136215122,19.5,7.71,CCCCN(c1ccccc1CN(C)c1nc(cc2[nH]ncc12)-c1cc(F)c(O)cc1CC)S(C)(=O)=O
118253734,19.8,7.7033,CC(C)(C#N)C(=O)N1C[C@H](CF)[C@@H](C1)Nc1c(cnn2cc(nc12)-c1cn[nH]c1)C(N)=O
136215194,19.9,7.7011,CN(c1ccccc1CNc1nc(cc2[nH]nc(C(N)=O)c12)-c1cc(F)c(O)cc1CC(F)(F)F)S(=O)(=O)c1ccccc1
89462233,20,7.699,NC(=O)c1cn(nc1Nc1ccnc(F)c1)C1(CC#N)CCC(CC1)NCc1ccccc1
129626848,20.5,7.6882,C[C@H](O)Cn1cc(cn1)-c1cn2ncc(C(N)=O)c(N[C@H]3CN(C[C@H]3C)c3ncc(cn3)C#N)c2n1
136215176,20.9,7.6799,CN(c1ccccc1CNc1nc(cc2[nH]nc(-c3nnc([nH]3)-c3ccc(C)nc3)c12)-c1cc(F)c(O)cc1CC(F)(F)F)S(C)(=O)=O
91937362,21,7.6778,CC1(C)CN(CC[C@H]1Nc1c(cnn2cc(cc12)N1CC(CC1=O)c1ccccc1)C(N)=O)c1ccc(cn1)C#N
136215225,21.1,7.6757,CNC(=O)c1n[nH]c2cc(nc(NCc3ccccc3N(C)S(=O)(=O)N(C)C)c12)-c1cc(F)c(O)cc1CC(F)(F)F
136215131,21.6,7.6655,CN(c1ccc(C)cc1CNc1nc(cc2[nH]ncc12)-c1cc(F)c(O)cc1CC(F)(F)F)S(C)(=O)=O
58180518,22,7.6576,CCn1c(cc2c1nc(Nc1nc(C(=O)NC)c(C)s1)c1ncn(C)c21)C(=O)N(C1CC1)C1CC1
44626178,23,7.6383,O=C(Nc1nc2cccc(-c3ccc(NS(=O)(=O)C4CC4)cc3)n2n1)C1CC1
136215242,23.3,7.6326,CN(c1ccccc1CNc1nc(cc2[nH]nc(C(N)=O)c12)-c1cc(F)c(O)cc1CC(F)(F)F)S(=O)(=O)c1ccc(nc1)N1CCOCC1
91755107,25.1,7.6003,COc1ncc(cn1)-c1cc2c(N[C@@H]3CC[C@](C)(N)C3(C)C)c(cnn2c1)C(N)=O
136215652,25.3,7.5969,CN(c1ccc(O)cc1CNc1nc(cc(N)c1C(=N)C(N)=O)-c1cc(F)c(O)cc1CC(F)(F)F)S(=O)(=O)c1ccccc1
136215257,25.5,7.5935,CCc1cc(O)cc(C)c1-c1cc2[nH]ncc2c(NCc2ccccc2N(C)S(C)(=O)=O)n1
136215653,25.8,7.5884,CNC(=O)C(=N)c1c(N)cc(nc1NCc1nccnc1N(C)S(=O)(=O)c1ccccc1)-c1cc(F)c(O)cc1CC(F)(F)F
138403388,26,7.585,CN1Cc2cc(Nc3nn([C@H]4CCCC[C@@H]4C#N)c4cc[nH]c(=O)c34)ccc2S1(=O)=O
136215214,27.4,7.5622,CNC(=O)c1n[nH]c2nc(nc(NCc3cc(O)ccc3N(C)S(=O)(=O)c3ccccc3)c12)-c1cc(F)c(O)cc1CC(F)(F)F
136215173,27.5,7.5607,CN(c1ccccc1CNc1nc(cc2[nH]nc(-c3nnc(C)[nH]3)c12)-c1cc(F)c(O)cc1CC(F)(F)F)S(C)(=O)=O
136215252,27.6,7.5591,CCN(c1ccc(Cl)cc1CNc1nc(cc2[nH]nc(C(N)=O)c12)-c1cc(F)c(O)cc1CC(F)(F)F)S(C)(=O)=O
117769174,28,7.5528,C[C@]1(N)CC[C@@H](Nc2c(cnn3cc(cc23)-c2cncnc2)C(N)=O)C1(C)C
136215660,28.7,7.5421,CCN(c1ccc(C)cc1CNc1nc(cc(N)c1C(=N)C(N)=O)-c1cc(F)c(O)cc1CC(F)(F)F)S(C)(=O)=O
136215172,29.6,7.5287,CN(c1ccccc1CNc1nc(cc2[nH]nc(C(=O)Nc3ccc(C)nc3)c12)-c1cc(F)c(O)cc1CC(F)(F)F)S(C)(=O)=O
91755102,30,7.5229,CC(=O)Nc1ccccc1-c1cc2c(N[C@@H]3CC[C@](C)(N)C3(C)C)c(cnn2c1)C(N)=O
136215218,30.5,7.5157,CN(c1ccc(O)cc1CNc1nc(nc2[nH]nc(C(N)=O)c12)-c1cc(F)c(O)cc1CC(F)(F)F)S(=O)(=O)c1ccccc1
136215659,30.6,7.5143,CCN(c1ncc(C)cc1CNc1nc(cc(N)c1C(=N)C(N)=O)-c1cc(F)c(O)cc1CC(F)(F)F)S(C)(=O)=O
71288602,31,7.5086,C[C@@H](NC(=O)c1c[nH]c2ncc(nc12)-c1nn(C)c2cc(Cl)ccc12)C(=O)N1CC(C1)C#N
155550462,32,7.4949,COc1ccc(cn1)-c1cc2c(N[C@H](CO)CC3CC3)c(cnn2c1)C(N)=O
136215165,32.3,7.4908,CCc1cc(O)c(F)cc1-c1cc2[nH]nc(C(=O)NC)c2c(N[C@@H](C)c2ccccc2N(C)S(C)(=O)=O)n1
136215226,32.9,7.4828,CCNC(=O)c1n[nH]c2cc(nc(NCc3nccnc3N(CC)S(C)(=O)=O)c12)-c1cc(F)c(O)cc1CC(F)(F)F
91755106,35.2,7.4535,C[C@]1(N)CC[C@@H](Nc2c(cnn3cc(cc23)-c2cncc(c2)C(O)=O)C(N)=O)C1(C)C
68292519,37.3,7.4283,C[C@@]1(O)CC[C@@H](CC1)Nc1c(cnn2cc(cc12)-c1cncnc1N)C(N)=O
71288539,38,7.4202,COc1ccc2c(nn(C)c2c1)-c1cnc2[nH]cc(C(=O)N[C@H](C)C(=O)N3CC(C3)C#N)c2n1
136215249,38.4,7.4157,CN(c1ncc(C)cc1CNc1nc(cc2[nH]nc(C(N)=O)c12)-c1cc(F)c(O)cc1CC(F)(F)F)S(C)(=O)=O
136215112,39.4,7.4045,CCc1cc(O)ccc1-c1cc2[nH]ncc2c(n1)N1CCc2c(Cl)cccc2C1
136215217,39.9,7.399,CNC(=O)c1n[nH]c2cc(nc(NCc3cc(O)ccc3N(C)S(=O)(=O)c3ccccc3)c12)-c1cc(F)c(O)cc1CC(F)(F)F
58180639,40,7.3979,CCn1c(cc2c1nc(Nc1nc(C)c(s1)S(C)(=O)=O)c1ncn(C)c21)C(=O)N(C1CC1)C1CC1
136215126,40.4,7.3936,CCN(Cc1cc(C)ccc1N(C)S(C)(=O)=O)c1nc(cc2[nH]ncc12)-c1cc(F)c(O)cc1CC
146011720,40.8,7.3893,CC(C)(C)OC(=O)N1CC(CC#N)(C1)n1nc(NC2CC2)c2c1cc[nH]c2=O
138403474,41,7.3872,CC(C)(C)OC(=O)CN1Cc2cc(Nc3nn([C@H]4CCCC[C@@H]4C#N)c4cc[nH]c(=O)c34)ccc2S1(=O)=O
136215190,41.2,7.3851,CNC(=O)c1n[nH]c2nc(nc(NCc3nccnc3N(C)S(C)(=O)=O)c12)-c1cc(F)c(O)cc1CC(F)(F)F
57502388,43,7.3665,CN1CCC(CC1)c1cccc(Nc2nc3c(cccn3n2)-c2ccc(cc2)S(C)(=O)=O)c1
136215137,43.8,7.3585,CCc1cc(O)c(F)cc1-c1cc2[nH]ncc2c(n1)N(CCc1ccc(NS(C)(=O)=O)cc1)Cc1ccccc1N(C)S(C)(=O)=O
138403399,44,7.3565,CCN1Cc2cc(Nc3nn([C@H]4CCCC[C@@H]4C#N)c4cc[nH]c(=O)c34)ccc2S1(=O)=O
136215255,44.1,7.3556,CCN(c1ncc(Cl)cc1CNc1nc(cc2[nH]nc(C(N)=O)c12)-c1cc(F)c(O)cc1CC(F)(F)F)S(C)(=O)=O
136215256,44.8,7.3487,CN(c1ncc(Cl)cc1CNc1nc(cc2[nH]nc(C(N)=O)c12)-c1cc(F)c(O)cc1CC(F)(F)F)S(C)(=O)=O
91669289,46,7.3372,CCc1cc(O)c(F)cc1-c1ccc2c(n[nH]c2c1)-c1nc2CN(CCc2[nH]1)C(=O)c1ccsn1
68358581,46.4,7.3335,Cn1nccc1-c1cc2c(N[C@@H]3CC[C@](C)(O)C3(C)C)c(cnn2c1)C(N)=O
89765129,48,7.3188,CCn1c(cc2c1nc(Nc1nc(C)c(s1)C(=O)N1CCS(=O)(=O)CC1)c1ncn(C)c21)C(=O)N(C1CC1)C1CC1
138403483,49,7.3098,COCC(C)(C)N1Cc2cc(Nc3nn([C@H]4CCCC[C@@H]4C#N)c4cc[nH]c(=O)c34)ccc2S1(=O)=O
146011708,49.9,7.3019,CC(C)(C)OC(=O)N1CCC(CC#N)(CC1)n1nc(NCC2CC2)c2c1cc[nH]c2=O
136215195,50,7.301,CSCCNc1nc(cc2[nH]nc(-c3nc4CN(Cc5ccccc5)CCc4[nH]3)c12)-c1cc(F)c(O)cc1CC(F)(F)F
136215197,50.5,7.2967,CN(c1ccccc1CNc1nc(nc2[nH]nc(C(N)=O)c12)-c1cc(F)c(O)cc1CC(F)(F)F)S(=O)(=O)c1ccccc1
71288607,51,7.2924,C[C@@H](NC(=O)c1c[nH]c2ncc(nc12)-c1nn(C)c2cc(ccc12)C#N)C(=O)N1CC(C1)C#N
146012069,52.2,7.2823,FC(F)(F)Oc1ccc(Nc2nn(c3cc[nH]c(=O)c23)[C@]2(CC#N)CC[C@@H](CC2)NC2CCCCC2)cc1
138403596,53,7.2757,O=C1N(Cc2cc(Nc3nn([C@@H]4CCCCC[C@H]4C#N)c4cc[nH]c(=O)c34)ccc12)C1CCCC1
91937354,53.4,7.2725,NC(=O)c1cnn2cc(cc2c1N[C@@H]1CCCNC1)-c1ccccc1
138403419,55,7.2596,CC(C)(CCO)N1Cc2cc(Nc3nn([C@H]4CCCC[C@@H]4C#N)c4cc[nH]c(=O)c34)ccc2S1(=O)=O
136215223,55.1,7.2588,CCN(c1ccc(O)cc1CNc1nc(cc2[nH]nc(C(N)=O)c12)-c1cc(F)c(O)cc1CC(F)(F)F)S(=O)(=O)c1ccccc1
136215127,55.3,7.2573,CCCN(Cc1cc(C)ccc1N(C)S(C)(=O)=O)c1nc(cc2[nH]ncc12)-c1cc(F)c(O)cc1CC
138403439,56,7.2518,FC(F)(F)CN1Cc2cc(Nc3nn([C@H]4CCC[C@@H]4C#N)c4cc[nH]c(=O)c34)ccc2S1(=O)=O
138403476,57,7.2441,CC(C)N1Cc2cc(Nc3nn([C@H]4CCCC[C@@H]4C#N)c4cc[nH]c(=O)c34)ccc2C1=O
91937353,58,7.2366,CS(=O)(=O)N1CCC[C@@H](C1)Nc1c(cnn2cc(cc12)-c1ccccc1)C(N)=O
118911570,58.6,7.2321,CN([C@H]1CN(CC11CC1)S(=O)(=O)c1cccc(c1)C#N)c1ncnc2[nH]ccc12
138403613,59,7.2291,OC(=O)[C@H]1CC[C@@H](CC1)N1Cc2cc(Nc3nn([C@H]4CCCC[C@@H]4C#N)c4cc[nH]c(=O)c34)ccc2S1(=O)=O
136213830,60,7.2218,O=c1[nH]ccc2n(nc(Nc3ccc4c(CN(Cc5ccccc5)S4(=O)=O)c3)c12)[C@@H](CC#N)C1CC1
136215211,60.4,7.219,CNC(=O)c1n[nH]c2cc(nc(NCc3ccccc3N(C)S(=O)(=O)c3cccc(O)c3)c12)-c1cc(F)c(O)cc1CC(F)(F)F
58180525,61,7.2147,CCn1c(cc2c1nc(Nc1ncc(C)s1)c1ncn(C)c21)C(=O)N(C1CC1)C1CC1
136215216,61.1,7.214,CCN(c1ccc(O)cc1CNc1nc(nc2[nH]nc(C(=O)NC)c12)-c1cc(F)c(O)cc1CC(F)(F)F)S(=O)(=O)c1ccccc1
138403398,62,7.2076,O=c1[nH]ccc2n(nc(Nc3ccc4c(CCS4(=O)=O)c3)c12)[C@H]1CCCC[C@@H]1C#N
68358584,63.4,7.1979,Cc1ccc(cc1)-c1cc2c(NC3C4CC5CC3CC(O)(C5)C4)c(cnn2c1)C(N)=O
122362932,64,7.1938,C[C@@H]1CCCC[C@@H]1n1c(nc2cnc3[nH]ccc3c12)-c1ccc(\C=C(/C#N)C(=O)N(C)C)o1
122191618,65,7.1871,CCn1c(cc2c1nc(NC)c1ncn(C)c21)C(=O)N(C1CC1)C1CC1
138403421,66,7.1805,COCCN1Cc2cc(Nc3nn([C@H]4CCCC[C@@H]4C#N)c4cc[nH]c(=O)c34)ccc2S1(=O)=O
89473578,67,7.1739,NC(=O)c1cn(nc1Nc1ccc(cc1)S(=O)(=O)C(F)F)C1(CC#N)CCC(CC1)N1CC(F)C1
136215111,67.4,7.1713,CCc1cc(O)ccc1-c1cc2[nH]ncc2c(n1)N1CCc2cc(OC)c(OCc3ccccc3)cc2C1
136215215,67.6,7.1701,CNC(=O)c1n[nH]c2cc(nc(NCc3cnccc3N(C)S(C)(=O)=O)c12)-c1cc(F)c(O)cc1CC(F)(F)F
91819686,69,7.1612,NC(=O)c1cn(nc1Nc1ccnc(F)c1)[C@H]1CC[C@H](C[C@H]1[N+]#[C-])OCC1CC1
136213852,70,7.1549,CC1(CCOCC1)N1Cc2cc(Nc3nn([C@@H](CC#N)C4CC4)c4cc[nH]c(=O)c34)ccc2S1(=O)=O
138403417,71,7.1487,CC(C)N1Cc2cc(Nc3nn([C@H]4CCCC[C@@H]4C#N)c4cc[nH]c(=O)c34)ccc2S1(=O)=O
68358859,72.4,7.1403,C[C@@]1(O)CC[C@@H](CC1)Nc1c(cnn2cc(cc12)-c1ccccc1C(N)=O)C(N)=O
71288618,73,7.1367,C[C@@H](NC(=O)c1c[nH]c2ncc(nc12)-c1ncn2cc(F)cc(F)c12)C(=O)N1CC(C1)C#N
146012064,74,7.1308,FC(F)(F)CN[C@H]1CC[C@](CC#N)(CC1)n1nc(Nc2ccc(Cl)cc2)c2c1cc[nH]c2=O
50922691,75,7.1249,CCn1c(cc2c1nc(Nc1cc(C)n(C)n1)c1ncn(C)c21)C(=O)N(C1CC1)C1CC1
138403590,76,7.1192,COCC(C)(C)CN1Cc2cc(Nc3nn([C@@H]4CCCCC[C@H]4C#N)c4cc[nH]c(=O)c34)ccc2S1(=O)=O
138403455,77,7.1135,CC1N(C)S(=O)(=O)c2ccc(Nc3nn([C@H]4CCCC[C@@H]4C#N)c4cc[nH]c(=O)c34)cc12
68358765,77.1,7.1129,COc1cccc(c1)-c1cc2c(NC3C4CC5CC3CC(O)(C5)C4)c(cnn2c1)C(N)=O
136215250,78,7.1079,CNC(=O)c1n[nH]c2cc(nc(NCc3cccnc3N(C)S(C)(=O)=O)c12)-c1cc(F)c(O)cc1C1CC1
138403418,79,7.1024,OCCN1Cc2cc(Nc3nn([C@H]4CCCC[C@@H]4C#N)c4cc[nH]c(=O)c34)ccc2S1(=O)=O
91937350,80,7.0969,NC(=O)c1cnn2cc(cc2c1NC1CCOCC1)-c1ccccc1F
138403598,81,7.0915,O=c1[nH]ccc2n(nc(Nc3ccc4c(CN(C5CCOCC5)S4(=O)=O)c3)c12)[C@H]1CCCCC[C@@H]1C#N
138403435,82,7.0862,FC(F)(F)CN1Cc2cc(Nc3nn([C@H]4CCC[C@@H]4C#N)c4cc[nH]c(=O)c34)ccc2C1=O
138403401,83,7.0809,CC(C)CN1Cc2cc(Nc3nn([C@H]4CCCC[C@@H]4C#N)c4cc[nH]c(=O)c34)ccc2S1(=O)=O
136213849,90,7.0458,CC1Cc2cc(Nc3nn([C@@H](CC#N)C4CC4)c4cc[nH]c(=O)c34)ccc2S1(=O)=O
44323201,91,7.041,Cn1ccc(n1)-c1cn(-c2ccccc2Cl)c(=O)c2c(N)n[nH]c12
138403563,92,7.0362,Cc1nc2ccc(Nc3nn(C4CCCC[C@@H]4C#N)c4cc[nH]c(=O)c34)cc2s1
68358720,98.1,7.0083,C[C@]1(F)CCC[C@H]1Nc1c(cnn2cc(cc12)-c1cncc2ccccc12)C(N)=O
126715367,104,6.983,CCOc1nn(C)cc1Nc1ncc(C)c(n1)-c1c[nH]c2c(NC(=O)[C@@H](CC)N3CCN(C)CC3)cccc12
68358921,105.1,6.9784,C[C@@]1(O)CC[C@@H](CC1)Nc1c(cnn2cc(cc12)-c1cncnc1)C(N)=O
68358743,107.9,6.967,Cn1nccc1-c1cc2c(N[C@H]3CC[C@@](C)(O)CC3)c(cnn2c1)C(N)=O
91937349,110,6.9586,NC(=O)c1cnn2cc(cc2c1NC1CCOCC1)-c1ccccc1C#N
91937385,110.1,6.9582,COc1ccc(cn1)-c1cc2c(N[C@H]3CN(C[C@H]3C)C(=O)CC#N)c(cnn2c1)C(N)=O
126715366,120,6.9208,COc1nn(C)cc1Nc1ncc(F)c(n1)-c1c[nH]c2c(NC(=O)[C@@H](C)N3CCN(C)CC3)cccc12
146012071,125,6.9031,COC1CN(C1)[C@H]1CC[C@](CC#N)(CC1)n1nc(Nc2ccc(Cl)c(F)c2)c2c1cc[nH]c2=O
146012178,130,6.8861,FC(F)(F)C(NC1CCCC1)c1ccc(Nc2nn([C@H]3COCC[C@@H]3C#N)c3cc[nH]c(=O)c23)cc1
146012154,140,6.8539,CC(c1ccc(Nc2nn([C@H]3COCC[C@@H]3C#N)c3cc[nH]c(=O)c23)cc1)n1nccn1
146012168,150,6.8239,CC1CN(C1)S(=O)(=O)c1ccc(Nc2nn([C@H]3COCC[C@@H]3C#N)c3cc[nH]c(=O)c23)cc1
146012067,151,6.821,COC1CN(C1)[C@H]1CC[C@](CC#N)(CC1)n1nc(Nc2ccc(OC(F)(F)F)cc2)c2c1cc[nH]c2=O
146012152,160,6.7959,CC(C)(C)OC(=O)CNC(c1ccc(Nc2nn([C@H]3COCC[C@@H]3C#N)c3cc[nH]c(=O)c23)cc1)C(F)(F)F
90367360,165,6.7825,NC(=O)c1cn(nc1Nc1ccc(cc1)C(F)(F)F)[C@H]1CC[C@H](C[C@@H]1C#N)N[C@H](C1CC1)C(F)(F)F
138403470,170,6.7696,CC(C)(c1ccc(Nc2nn([C@H]3CCCC[C@@H]3C#N)c3cc[nH]c(=O)c23)cc1)n1ccnn1
89462372,171,6.767,NC(=O)c1cn(nc1Nc1ccc(F)cc1)C1(CC#N)CCC(CC1)N1CCc2ccccc12
90367367,177,6.752,NC(=O)c1cn(nc1Nc1ccc(cc1)C(F)(F)F)[C@H]1CC[C@H](C[C@@H]1C#N)N[C@@H](C1CC1)C(F)(F)F
146012172,180,6.7447,CC1CN(CCO1)S(=O)(=O)c1ccc(Nc2nn([C@H]3COCC[C@@H]3C#N)c3cc[nH]c(=O)c23)cc1
69809432,189,6.7235,CN1CCN(CC1)c1ncc(c(N[C@H]2CCCN(C2)S(C)(=O)=O)n1)-c1cnc2[nH]ccc2n1
89462539,200,6.699,NC(=O)c1cn(nc1Nc1ccc(cc1)S(=O)(=O)C(F)F)C1(CC#N)CCC(CC1)Nc1ccccc1
146011715,208,6.6819,CCNc1nn(c2cc[nH]c(=O)c12)C1(CC#N)CN(C1)C(=O)OC(C)(C)C
138403577,220,6.6576,FC(F)C1NCc2cc(Nc3nn([C@H]4CCCC[C@@H]4C#N)c4cc[nH]c(=O)c34)ccc12
138403453,230,6.6383,OC1(c2ccc(Nc3nn([C@H]4CCCC[C@@H]4C#N)c4cc[nH]c(=O)c34)cc2CC11CC1)C(F)(F)F
58177229,231,6.6364,CS(=O)(=O)N1CCC[C@@H](C1)Nc1nc(ncc1-c1cnc2[nH]ccc2n1)N1CCOCC1
146012146,240,6.6198,Fc1cc(Nc2nn([C@H]3COCC[C@@H]3C#N)c3cc[nH]c(=O)c23)ccc1C#N
138403425,250,6.6021,CC(O)(CO)c1cc(Nc2nn([C@H]3CCCC[C@@H]3C#N)c3cc[nH]c(=O)c23)ccc1S(C)(=O)=O
68358567,253,6.5969,CC(C)c1ccccc1-c1cc2c(N[C@@H]3CCC[C@]3(C)F)c(cnn2c1)C(N)=O
136213847,260,6.585,C[C@@H]1[C@H](O)c2cc(Nc3nn([C@@H](CC#N)C4CC4)c4cc[nH]c(=O)c34)ccc2S1(=O)=O
71558636,262,6.5817,CC(=O)N[C@@H]1CCc2ccc(Oc3cnc4[nH]cc(C(=O)N[C@H](C5CC5)C(=O)N5CC(C5)C#N)c4n3)cc12
138403413,280,6.5528,CC(C)CN1Cc2ccc(Nc3nn([C@H]4CCCC[C@@H]4C#N)c4cc[nH]c(=O)c34)cc2C1
58177279,287,6.5421,CC[C@H](CO)Nc1ncc(c(N[C@H]2CCCN(C2)S(C)(=O)=O)n1)-c1cnc2[nH]ccc2n1
138403469,290,6.5376,Cn1cc(cn1)-c1ccc(Nc2nn([C@H]3CCCC[C@@H]3C#N)c3cc[nH]c(=O)c23)cc1Cl
136213866,300,6.5229,CC1(CCC(F)(F)CC1)N1Cc2cc(Nc3nn([C@@H](CC#N)C4CC4)c4cc[nH]c(=O)c34)ccc2S1(=O)=O
138403471,310,6.5086,CC(C)[C@H](C)N1Cc2ccc(Nc3nn([C@H]4CCCC[C@@H]4C#N)c4cc[nH]c(=O)c34)cc2C1
138403558,320,6.4949,O=c1[nH]ccc2n(nc(Nc3ccc(cc3)-c3ccno3)c12)C1CCCC[C@@H]1C#N
58180623,330,6.4815,CCn1nc(Nc2nc3n(CC)c(cc3c3n(C)cnc23)C(=O)N(C2CC2)C2CC2)cc1C
89462413,344,6.4634,NC(=O)c1cn(nc1Nc1ccc(cc1)S(=O)(=O)C(F)F)C1(CC#N)CCC(CC1)NC1CCOCC1
138403459,350,6.4559,C[C@H]1CN([C@@H](C)CO1)c1ccc2cc(Nc3nn([C@H]4CCCC[C@@H]4C#N)c4cc[nH]c(=O)c34)ccc2n1
136213764,360,6.4437,CC(C)(C)OC(=O)[C@H]1CCCN1S(=O)(=O)c1ccc(Nc2nn([C@@H](CC#N)C3CC3)c3cc[nH]c(=O)c23)cc1
136213827,400,6.3979,CCC1COCCN1C(=O)c1ccc(Nc2nn([C@@H](CC#N)C3CC3)c3cc[nH]c(=O)c23)cc1C
138403597,420,6.3768,O=C(N1Cc2ccc(Nc3nn([C@@H]4CCCCC[C@H]4C#N)c4cc[nH]c(=O)c34)cc2C1)N1CCCCC1
136213828,430,6.3665,CC(C)C1COCCN1C(=O)c1ccc(Nc2nn([C@@H](CC#N)C3CC3)c3cc[nH]c(=O)c23)cc1C
138403495,440,6.3565,OC1c2cc(Nc3nn([C@H]4CCCC[C@@H]4C#N)c4cc[nH]c(=O)c34)ccc2S(=O)(=O)C11CCCCC1
138403499,460,6.3372,CC(C)(C)N1Cc2cc(Nc3nn([C@@H]4CCCCC[C@@H]4C#N)c4cc[nH]c(=O)c34)ccc2S1(=O)=O
138403472,480,6.3188,CC(C)[C@@H](C)N1Cc2ccc(Nc3nn([C@H]4CCCC[C@@H]4C#N)c4cc[nH]c(=O)c34)cc2C1
89462349,506,6.2958,NC(=O)c1cn(nc1Nc1ccc(cc1)S(=O)(=O)C(F)F)C1(CC#N)CCC(CC1)NCC(F)F
136213867,550,6.2596,OC(c1ccc(Nc2nn([C@@H](CC#N)C3CC3)c3cc[nH]c(=O)c23)cc1)(c1ccccn1)C(F)(F)F
136213837,590,6.2291,CC1(C)C(O)c2cc(Nc3nn([C@@H](CC#N)C4CC4)c4cc[nH]c(=O)c34)ccc2S1(=O)=O
136213838,610,6.2147,OC1c2cc(Nc3nn([C@@H](CC#N)C4CC4)c4cc[nH]c(=O)c34)ccc2S(=O)(=O)C11CCCCC1
155514805,620,6.2076,COc1ccc(cn1)-c1cc2c(NC(CO)[C@H](O)C3CC3)c(cnn2c1)C(N)=O
136213845,830,6.0809,C[C@@H]1[C@@H](O)c2cc(Nc3nn([C@@H](CC#N)C4CC4)c4cc[nH]c(=O)c34)ccc2S1(=O)=O
138403498,840,6.0757,CC(C)(C)N1Cc2cc(Nc3nn([C@H]4CCCCC[C@H]4C#N)c4cc[nH]c(=O)c34)ccc2S1(=O)=O
136213865,1170,5.9318,COC(=O)N1CCCC1(c1ccc(Nc2nn([C@@H](CC#N)C3CC3)c3cc[nH]c(=O)c23)cc1)C(F)(F)F
136213806,1500,5.8239,CCOC(=O)C(C)(C)C(O)(c1ccc(Nc2nn([C@@H](CC#N)C3CC3)c3cc[nH]c(=O)c23)cc1)C(F)(F)F
138403623,1700,5.7696,CC(C)(C)S(=O)(=O)c1ccc(Nc2nn([C@H]3CC(F)(F)C[C@H]3C#N)c3cc[nH]c(=O)c23)cc1
138403496,1900,5.7212,CC(C)(C)N1Cc2cc(Nc3nn([C@H]4CCCCC[C@@H]4C#N)c4cc[nH]c(=O)c34)ccc2S1(=O)=O
146012140,2270,5.644,CC(C)(C)S(=O)(=O)c1ccc(Nc2nn([C@@H]3COCCC[C@@H]3C#N)c3cc[nH]c(=O)c23)cc1
138403594,6600,5.1805,O=C1N(Cc2cc(Nc3nn([C@H]4CCCCC[C@@H]4C#N)c4cc[nH]c(=O)c34)ccc12)C1CCCC1
146012139,12400,4.9066,CC(C)(C)S(=O)(=O)c1ccc(Nc2nn(C3COCCC[C@H]3C#N)c3cc[nH]c(=O)c23)cc1
138403625,14000,4.8539,CC(C)(C)S(=O)(=O)c1ccc(Nc2nn([C@@H]3CC(F)(F)C[C@H]3C#N)c3cc[nH]c(=O)c23)cc1
138403624,16000,4.7959,O=c1[nH]ccc2n(nc(Nc3ccc4c(CC5(CCCCC5)S4(=O)=O)c3)c12)[C@H]1CCCC[C@@H]1C#N
146012137,17300,4.762,CC(C)(C)S(=O)(=O)c1ccc(Nc2nn([C@H]3COCCC[C@@H]3C#N)c3cc[nH]c(=O)c23)cc1
138403630,19000,4.7212,Cc1cc(Nc2nn([C@H]3CC(F)(F)C[C@@H]3C#N)c3cc[nH]c(=O)c23)ccc1C(=O)N1CCCC1
138403628,114000,3.9431,Cc1cc(Nc2nn([C@H]3CC(F)(F)C[C@H]3C#N)c3cc[nH]c(=O)c23)ccc1C(=O)N1CCCC1
